;;Mentioned in study;;;;;;;;;;;;;;;;;;;;Presented model as primary;;;;;;;Discussed in detail;;;;;;;;;Models comparison performed;;;;;;;;;;;;;;;;Models used in practice;;;;;;;
Sr.;CITATIONS;TMMi;TPI Next;MPT.Br;Test SPICE;TAIM;MMSST;CTMM;MND-TMM;TPI-EI;STEP;AQAM;ASTMM;ATMM;CTP;MPTA.BR;PTMM;TIM;UTMM;TPI;TMM;TMMi;TPI Next;MPT.Br;TAIM;MMSST;TPI;TMM;TMMi;TPI Next;MPT.Br;TAIM;MMSST;STEP;CTP;TPI;TMM;TMMi;TPI-NEXT;MPT.BR;Test SPICE;CTMM;MND-TMM;ASTMM;ATMM;TIM;UTMM;TPI;TMM;DO-178C;KMM;CMMI;CMM;TMMi;TPI Next;MPT.Br;MND-TMM;TAIM;MMSST;TPI;TMM
;;52;17;5;9;4;1;1;1;3;3;2;4;3;5;1;4;4;5;27;23;16;1;2;1;1;5;4;24;3;2;2;1;1;1;4;4;7;6;1;4;1;1;1;1;1;1;1;3;1;2;1;2;18;2;5;1;2;1;1;1
1;Garousi, V., van Veenendaal, E., & Felderer, M. (2021). Motivations for and benefits of adopting the Test Maturity Model integration (TMMi): An international survey.;1;;;;;;;;;;;;;;;;;;;1;1;;;;;;;1;;;;;;;;;;;;;;;;;;;;;;;;;1;;;;;;;
2;Albert, L., Szabó, O. M., van Veenendaal, E., & Hargitai, Z. (2021). The story of DACHS’Informal TMMi Assessment.;1;;;;;;;;;;;;;;;;;;;;1;;;;;;;;;;;;;;;;;;;;;;;;;;;;;;;;1;;;;;;;
3;Othman, T. T. M. Web Based Tools to Automate Software Quality Assurance Models: A Review Article.;-;;;;;;;;;;;;;;;;;;1;1;;;;;;;;;;;;;;;;;;;;;;;;;;;;;;;;;;;;;;;;
4;Güngör, G., & Tarhan, A. K. (2023). A Maturity Model Guidance Approach for Integration Testing of Avionics Software. In IWSM-Mensura.;1;;;;;;;;;;;;;;;1;1;1;1;;;;;;;;;1;;;;;;;;;1;;;;;;;;;;;;1;;;;;;;;;;;
5;Eldh, S. (2020, October). Test automation improvement model-TAIM 2.0. In 2020 IEEE International Conference on Software Testing, Verification and Validation Workshops (ICSTW) (pp. 334-337). IEEE.;1;;;;1;;;;;;;;;;;;;;1;1;;;;1;;;;;;;1;;;;;;;;;;;;;;;;;;;;;;;;;;1;;;
6;Garousi, V., & van Veenendaal, E. (2021). Test maturity model integration: Trends of worldwide test maturity and certifications. IEEE Software, 39(2), 71-79.;1;1;;;;;;;;;;1;;;;;;1;;1;1;;;;;;;1;;;;;;;;;1;1;;;;;;;;;;;;;;;1;1;;;;;;
7;Bian, Z. (2020). Test automation process assessment.;1;1;;;1;;;;;1;;;;1;;1;;;1;;;;;;;;;1;1;;1;;;;;;;;;;;;;;;;;;;;;;;;;;1;;;
8;Wang, Y., Pyhäjärvi, M., & Mäntylä, M. V. (2020, October). Test automation process improvement in a DevOps team: experience report. In 2020 ieee international conference on software testing, verification and validation workshops (icstw) (pp. 314-321). IEEE.;-;;;1;1;;;;;;;;;;1;;;;;;;;;;;;;;;;;;;;;;;;;;;;;;;;;;;;;;;;;;;;;
9;Garousi, V., Keleş, A. B., Balaman, Y., Güler, Z. Ö., & Arcuri, A. (2021). Model-based testing in practice: An experience report from the web applications domain. Journal of Systems and Software, 180, 111032.;1;;;;;;;;;;;;;;;;;;;;;;;;;;;;;;;;;;;;;;;;;;;;;;;;;;;;;;;;;;;
10;Rahman, M. H., Rahman, Z., Al-Mustanjid, M., Uddin, M. S., & Jany, M. H. R. (2020, February). Software process improvement based on defect prevention using capability and testing model integration in extreme programming. In International Conference on Cyber Security and Computer Science (pp. 270-279). Cham: Springer International Publishing.;1;;;;;;;;;;;;;;;;;;;;;;;;;;;;;;;;;;;;;;;;;;;;;;;;;;;;1;;;;;;;
11;Jang, J. W. (2023). Suggestion on the Software Quality Driving Test Process Improvement. 한국정보기술학회논문지, 21(4), 107-115.;-;;;;;;;;;;;;;;;;;;1;;;;;;;1;;;;;;;;;1;;;;;;;;;;;;;;;;;;;;;;;;1;
12;Garousi, V., Arkan, S., Urul, G., Karapıçak, Ç. M., & Felderer, M. (2020). Assessing the maturity of software testing services using CMMI-SVC: An industrial case study. arXiv preprint arXiv:2005.12570.;1;1;;1;;;;;1;;1;1;1;;;1;;1;1;;;;;;;;;1;;;;;;;1;;;;;;;;;;;;;;;;;;;;;;;;;
13;Olsina, L., Lew, P., & Tebes, G. (2022). Supplementary Results of a Comparative Syntactic and Semantic Study of Terms for Software Testing Glossaries. arXiv preprint arXiv:2205.10668.;1;;;;;;;;;;;;;;;;;;;1;;;;;;;;;;;;;;;;;;;;;;;;;;;;;;;;;;;;;;;;
14;Tebes, G., Lew, P., & Olsina, L. (2022, June). Syntactic and semantic similarities and discrepancies between terms of glossaries for software testing. In Congresso Ibero-Americano em Engenharia de Software (CIbSE) (pp. 278-291). SBC.;1;;;;;;;;;;;;;;;;;;;;;;;;;;;;;;;;;;;;;;;;;;;;;;;;;;;;;;;;;;;
15;Costa, I. E. F., & Oliveira, S. R. B. (2022, April). A Syllabus to Support Teaching and Learning of Exploratory Test Design and Execution. In CSEDU (2) (pp. 303-315).;1;;1;;;;;;;;;;;;;;;;;;;;;;;;;;;;;;;;;;;;;;;;;;;;;;;;;;1;;1;;;;;
16;Duta, C., Carutasu, N., & Stanica, I. (2022). CAPABILITY MATURITY MODEL AND TESTABILITY MATURITY MODEL‒A COMPARATIVE APPROACH. Proceedings in Manufacturing Systems, 17(4), 129-134.;-;;;;;;;;;;;;;;;;1;;;1;;;;;;;1;;;;;;;;;1;;;;;;;;;;;;1;;;;1;;;;;;;;
17;Basu, R. A model based approach for software testing audit on software product quality.;1;;;;;;;;;;;;;;;;;;;;;;;;;;;1;;;;;;;;;1;;;;;;;;;;;;;;1;;1;;;;;;;
18;Erik P.W.M. van Veenendaal: Building on Success - Beyond the Obvious (White paper) (2022).;1;;;;;;;;;;;;;;;;;;;;;;;;;;;;;;;;;;;;;;;;;;;;;;;;;;;;;;;;;;;
19;Latif, B., & Rana, T. (2020). A preliminary survey on software testing practices in Khyber PakhtunKhwa region of Pakistan. Turkish Journal of Electrical Engineering and Computer Sciences, 28(1), 575-589.;-;;;;;;;;;;;;;1;;;1;;1;1;;;;;;;;;;;;;;;;;;;;;;;;;;;;;;;;;;;;;;;;
20;Costa, I. E. F., & Oliveira, S. R. B. (2021, October). A mapping of prescribed assets in the ACM/IEEE and SBC curriculum to the test design and execution practices of TMMi. In 2021 IEEE Frontiers in Education Conference (FIE) (pp. 1-8). IEEE.;1;;;;;;;;;;;;;;;;;;;;1;;;;;;;;;;;;;;;;;;;;;;;;;;;;;;;;;;;;;;;
21;Aktaş, A. Z., Yağdereli, E., & Serdaroğlu, D. (2021). An introduction to software testing methodologies. Gazi University Journal of Science Part A: Engineering and Innovation, 8(1), 1-15.;1;;;;;;;;;;;;;;;;;;1;1;;;;;;;;1;;;;;;;;;;;;;;;;;;;;;;;;;;;;;;;;
22;Machado, E. M. M., Mexas, M. P., Meza, L. A., & de Oliveira, I. A. M. (2022). Implementation processes of quality multi models: ISO 9001, CMMI-DEV ML3, AND MPT. BR ML3 in small and medium-sized enterprises (SMES) of information technology. Economic and Social Development: Book of Proceedings, 29-38.;-;;1;;;;;;;;;;;;;;;;;;;;1;;;;;;;1;;;;;;;;;;;;;;;;;;;;;;;;;1;;;;;
23;Costa, I. E. F., & Oliveira, S. R. B. (2022, October). Development of a teaching plan to support learning activities of exploratory test design and execution. In 2022 IEEE Frontiers in Education Conference (FIE) (pp. 1-9). IEEE.;1;;;;;;;;;;;;;;;;;;;;;;;;;;;;;;;;;;;;;;;;;;;;;;;;;;;;;;;;;;;
24;Prastiti, R. T., & Hidayanto, A. N. (2023). Evaluation of Maturity Level and Recommendations for Improvement of Software Testing Process Based on Test Maturity Model Integration (TMMi): A Case Study. Jurnal Komtika (Komputasi dan Informatika), 7(2), 145-154.;1;;;;;;;;;;;;;;;;;;;;1;;;;;;;1;;;;;;;;;;;;;;;;;;;;;;;;;1;;;;;;;
25;Unudulmaz, A., Cingiz, M. Ö., & Kalıpsız, O. (2022). Adaptation of the Four Levels of Test Maturity Model Integration with Agile and Risk-Based Test Techniques. Electronics, 11(13), 1985.;1;1;;1;;;;;;;;;;;;;;;1;1;1;;;;;;;1;;;;;;;;;;;;;;;;;;;;;;;;;1;;;;;;;
26;Amaral, J., Lima, A. S., de Souza, J. N., & Rocha, L. S. FROM THE ART OF SOFTWARE TESTING TO TEST-AS-A-SERVICE IN CLOUD COMPUTING.;1;;;;;;;;;;;;;;;;;;;;;;;;;;;;;;;;;;;;;;;;;;;;;;;;;;;;;;;;;;;
27;Ashraf Valizada, Davide Lorenzo Astolfi: Test Strategy for New Product Development, Master thesis, KTH Royal Institute of Technology (2023).;-;1;;;;;;;;;;;;;;;;;;;;;;;;;;;;;;;;;;;;;;;;;;;;;;;;;;;;1;;;;;;
28;Huy Trinh: A Practical Approach to JavaScript Testing, Master thesis, Metropolia University of Applied Sciences (2020).;-;;;;;;;;;;;;;;;;;;1;1;;;;;;;;;;;;;;;;;;;;;;;;;;;;;;;;;;;;;;;;
29;Brajnik, G., Bartolini, M., & Rees, N. (2020, July). A sustainable software testing process for the square kilometre array project. In INCOSE International Symposium (Vol. 30, No. 1, pp. 109-123).;1;;;;;;;;;;;;;;;;;;;;;;;;;;;;;;;;;;;;;;;;;;;;;;;;;;;;;;;;;;;
30;Yuqing Wang: Software Test Automation Maturity Assessment and Improvement based on Best Practices, Master thesis, University of Oulu (2022).;1;1;;1;1;;;;;;;;;;;;;;1;1;;;;;;;;;;;;;;;;;;;;;;;;;;;;;;;;;;;;;;;;
31;IT8076 - Software Testing, Course, Panimalar Institute of Technology, https://www.pit.ac.in/assets/pdf/be-cse/qb/3/IT8076-Software-Testing.pdf.;-;;;;;;;;;;;;;;;;;;;1;;;;;;;;;;;;;;;;;;;;;;;;;;;;;;;;;;;;;;;;
32;Garousi, V., Felderer, M., Kuhrmann, M., Herkiloğlu, K., & Eldh, S. (2020). Exploring the industry's challenges in software testing: An empirical study. Journal of Software: Evolution and Process, 32(8), e2251.;1;;;;;;;;;;;;;;;;;;;;;;;;;;;;;;;;;;;;;;;;;;;;;;;;;;;;;;;;;;;
33;Alam, G., Mahmood, S., Alshayeb, M., Niazi, M., & Zafar, S. (2024). Maturity model for secure software testing. Journal of Software: Evolution and Process, 36(5), e2593.;1;1;1;1;;1;1;;;;;1;1;;;;1;1;1;;;;;;1;;;;;;;1;;;;;1;1;1;1;1;;1;1;1;1;;;;;;;;;1;;;1;;
34;Saragih, M. H., & Retnowardhani, A. (2024). Enhancing Software Quality Assurance in First Unicorn Coffee Shop in Indonesia: A Test Maturity Analysis. Journal of Advances in Information Technology, 15(8).;1;;;1;;;;;1;;1;1;1;;;1;;1;1;1;1;;;;;;;1;;;;;;;;;1;1;;1;;;;;;;;;;;;;1;;;;;;;
35;Kamath, Dayanand: Improving Agile Development Practices, Master thesis, Metropolia University of Applied Sciences (2023).;-;;;;;;;;;;;;;;;;;;1;;;;;;;;;;;;;;;;;;;;;;;;;;;;;;;;;;;;;;;;;
36;Sharkov, G., & Stoeva, M. (2022). Multidisciplinary Approach to Industry Standards in the IT Higher Education Programs. In ISGT (pp. 51-62).;1;;;;;;;;;;;;;;;;;;;;;;;;;;;;;;;;;;;;;;;;;;;;;;;;;;;;1;;;;;;;
37;Lazić, L. J. U. B. O. M. I. R., MILINKOVIĆ, S. A., & ILIĆ, S. S. OptimalSQM: Optimal Software Quality Management Repository is a Software Testing Center of Excellence. Plenary Lecture, 1, 24-26.;1;;;;;;;;;;;;;;;;;;1;;;;;;;;;;;;;;;;;;;;;;;;;;;;;;;;;;;;;;;;;
38;Costa, I. E. F., Oliveira, S. R. B., Elgrably, I. S., Guerra, A. D. S., Soares, E. M., & Costa, I. V. F. (2023). Using active methodologies for teaching and learning of exploratory test design and execution. Education Sciences, 13(2), 115.;1;;;;;;;;;;;;;;;;;;;;;;;;;;;;;;;;;;;;;;;;;;;;;;;;;;;;;;;;;;;
39;Jung, E. (2009, August). A test process improvement model for embedded software developments. In 2009 Ninth International Conference on Quality Software (pp. 432-437). IEEE.;1;1;;;;;;;1;;;;;;;;;;1;1;;;;;;;;;;;;;;;;;;;;;;;;;;;;;;;;;;;;;;;;
40;Witte, F. (2022). Maturity Level of Test Management According to TPI Next. In Strategy, Planning and Organization of Test Processes: Basis for Successful Project Execution in Software Testing (pp. 223-231). Wiesbaden: Springer Fachmedien Wiesbaden.;1;1;;;;;;;;;;;;;;;;;1;;;1;;;;;;;1;;;;;;;;1;1;;;;;;;;;;;;;;;;;;;;;;
41;Unudulmaz, A., & Kalıpsız, O. (2020, April). TMMI integration with agile and test process. In Proceedings of the 24th International Conference on Evaluation and Assessment in Software Engineering (pp. 375-378).;1;1;;1;;;;;;;;;;;;;;;1;1;1;;;;;;;1;;;;;;;;;;;;;;;;;;;;;;;;;1;;;;;;;
42;Fischer, S., Ramler, R., Klammer, C., & Rabiser, R. (2021, February). Testing of highly configurable cyber-physical systems–a multiple case study. In Proceedings of the 15th International Working Conference on Variability Modelling of Software-Intensive Systems (pp. 1-10).;-;;;;;;;;;;;;;;;;;;1;;;;;;;;;;;;;;;;;;;;;;;;;;;;;;;;;;;;;;;;;
43;Costa, I. E. F., & Oliveira, S. R. B. (2021, October). A study on assets applied in exploratory test design and execution: an interview application. In 2021 IEEE Frontiers in Education Conference (FIE) (pp. 1-8). IEEE.;1;;1;;;;;;;;;;;;;;;;;;;;;;;;;;;;;;;;;;;;;;;;;;;;;;;;;;1;;1;;;;;
44;de Farias Junior, I., de Mesquita Melo, L., & Junior, N. L. (2020, June). MPT. Br Maturity Model: implementation in a telecommunications company. In 2020 15th Iberian Conference on Information Systems and Technologies (CISTI) (pp. 1-8). IEEE.;-;;1;;;;;;;;;;;;;;;;;;;;1;;;;;;;1;;;;;;;;;;;;;;;;;;;;;;;;;1;;;;;
45;Fischer, S., Klammer, C., Fernández, A. M. G., Rabiser, R., & Ramler, R. (2023). Testing of highly configurable cyber–physical systems—Results from a two-phase multiple case study. Journal of Systems and Software, 199, 111624.;-;;;;;;;;;;;;;;;;;;1;;;;;;;;;;;;;;;;;;;;;;;;;;;;;;;;;;;;;;;;;
46;Florea, R., Stray, V., & Sjøberg, D. I. (2023). On the roles of software testers: An exploratory study. Journal of Systems and Software, 204, 111742.;1;1;;;;;;;;;;;;;;;;;1;;;;;;;;;;;;;;;;;;;;;;;;;;;;;;;;;;;;;;;;;
47;Olsina, L., Lew, P., & Becker, P. (2024). Comparative analysis of the syntactic and semantic consistency of terms in software testing glossaries. Software Quality Journal, 32(1), 27-52.;1;;;;;;;;;;;;;;;;;;;;;;;;;;;1;;;;;;;;;;;;;;;;;;;;;;;;;;;;;;;;
48;Khoshniat, N., Jamarani, A., Ahmadzadeh, A., Haghi Kashani, M., & Mahdipour, E. (2024). Nature-inspired metaheuristic methods in software testing. Soft Computing, 28(2), 1503-1544.;-;1;;;;;;;;;;;;;;;;;;;;;;;;;;;;;;;;;;;;;;;;;;;;;;;;;;;;;;;;;;
49;Schweigert, T., Bilecen, S., & Bitlisli Erdivan, H. E. (2020, August). The kanban maturity model in the context of common pi models. In European Conference on Software Process Improvement (pp. 477-489). Cham: Springer International Publishing.;-;1;;1;;;;;;;;;;;;;;;1;;;;;;;;;;;;;;;;;;;1;;1;;;;;;;;;;2;;;;;;;;;;
50;van Veenendaal, E., Garousi, V., & Felderer, M. (2022, April). Motivations for and benefits of adopting the test maturity model integration (tmmi). In International Conference on Software Quality (pp. 13-19). Cham: Springer International Publishing.;1;;;;;;;;;;;;;;;;;;;;1;;;;;;;1;;;;;;;;;;;;;;;;;;;;;;;;;1;;;;;;;
51;Olsina, L., Lew, P., & Tebes, G. (2022, September). Analyzing quality issues from software testing glossaries used in academia and industry. In International Conference on the Quality of Information and Communications Technology (pp. 140-155). Cham: Springer International Publishing.;1;;;;;;;;;;;;;;;;;;;;;;;;;;;;;;;;;;;;;;;;;;;;;;;;;;;;;;;;;;;
52;Hohm, J., Heinemann, A., & Wiesmaier, A. (2022, December). Towards a maturity model for crypto-agility assessment. In International Symposium on Foundations and Practice of Security (pp. 104-119). Cham: Springer Nature Switzerland.;-;;;;;;;;;;;;;;;;;;1;;;;;;;;;;;;;;;;;;;;;;;;;;;;;;;;;;;;;;;;;
53;Costa, I. E. F., & Oliveira, S. R. B. (2022, April). An Exploratory Test Design and Execution Learning Approach: A Definition of Syllabus and Teaching Plan. In International Conference on Computer Supported Education (pp. 26-50). Cham: Springer Nature Switzerland.;1;;;;;;;;;;;;;;;;;;;;;;;;;;;;;;;;;;;;;;;;;;;;;;;;;;;;;;;;;;;
54;Witte, F. (2022). Test Methods. In: Strategy, Planning and Organization of Test Processes. Springer, Wiesbaden. https://doi.org/10.1007/978-3-658-36981-1_27.;1;;;;;;;;;;;;;;;;;;1;;;;;;;;;1;;;;;;;;;;;;;;;;;;;;;;;;;;;;;;;;
55;Özkurt, A., Gökalp, E., & Ipek, A. H. (2024). A Software Test Maturity Model Customized for Aerospace Industries: A Systematic Literature Review. In European Conference on Software Process Improvement (pp. 374-389). Springer, Cham.;1;1;;1;;;;1;;;;;;;;;;;1;1;;;;;;;;;;;;;;;;;1;1;;1;;1;;;;;1;1;;;;;;;;1;;;;
56;Software testing process improvement models - TMMi, TPI Next, CTP, STEP. https://tryqa.com/software-testing-process-improvement-models-tmmi-tpi-next-ctp-step/.;1;1;;;;;;;;1;;;;1;;;;;;;;;;;;;;1;1;;;;1;1;;;;;;;;;;;;;;;;;;;;;;;;;;
57;What is the IDEAL model for test process improvement? https://tryqa.com/ideal-model-for-test-process-improvement/.;1;1;;;;;;;;1;;;;1;;;;;;;;;;;;;;;;;;;;;;;;;;;;;;;;;;;;;;;;;;;;;;
58;Simon Frankish, Experimentus: Using the Test Maturity Modelintegration (TMMi) to help improve your software testing process, https://www.experimentus.com/blog/using-the-test-maturity-model-integration-tmmi-to-help-improve-your-software-testing-process/ last accessed 2022/12/08.;1;;;;;;;;;;;;;;;;;;;1;1;;;;;;;1;;;;;;;;;;;;;;;;;;;;;;;;;1;;;;;;;
59;Experimentus: The Power of Test Process Improvement with TMMi, https://www.linkedin.com/pulse/power-test-process-improvement-tmmi-experimentus last accessed 2023/08/01.;1;;;;;;;;;;;;;;;;;;;;1;;;;;;;;;;;;;;;;;;;;;;;;;;;;;;;;1;;;;;;;
60;Victor Sachuk, ScienceSoft: QA process maturity: Models and capabilities, https://www.scnsoft.com/software-testing/qa-process-maturity-models-and-capabilities  last accessed 2023/05/28.;1;;;;;;;;;;;;;;;;;;1;;1;;;;;1;;1;;;;;;;;;;;;;;;;;;;;;;;;;;;;;;;;
61;Tamas Cser: How AI-Based Testing Fits into Your Software Testing Maturity Model. https://www.functionize.com/blog/how-ai-based-testing-fits-into-your-software-testing-maturity-model  last accessed 2022/03/16.;1;;;;;;;;;;;;;;;;;;;;;;;;;;;1;;;;;;;;;;;;;;;;;;;;;;;;;;;;;;;;
62;Sergey Almyashev: What Is Test Process Improvement (TPI) Model: Test Automation Ideas, https://zapple.tech/blog/test-automation-methodologies/what-is-test-process-improvement-tpi-model-test-automation-ideas/  last accessed 2022/06/20.;1;1;;;;;;;;;;;;1;;;;;;;;;;;;1;;;;;;;;;1;;;;;;;;;;;;;;;;;;;;;;;;;
63;Software Testing Theory and Practice, lecture slides Ch 18-MaturityModels, University of Waterloo, https://ece.uwaterloo.ca/~snaik/MYBOOK1/Ch18-MaturityModels.ppt.;-;;;;;;;;;;;;;;;;;;1;1;;;;;;1;1;;;;;;;;1;1;;;;;;;;;;;;;;;;;;;;;;;;
64;Federico Toledo: Better Your Strategy with This Software Testing Maturity Model, https://abstracta.us/blog/software-testing/software-testing-maturity-model/  last accessed 2025/06/05.;-;;;;;;;;;;;;;;;;;;;1;;;;;;;;;;;;;;;;;;;;;;;;;;;;;;;;;;;;;;;;1
65;Test Process Improvement, https://www.experimentus.com/test-process-improvement/ (Service article);1;;;;;;;;;;;;;;;;;;;;;;;;;1;;1;;;;;;;;;;;;;;;;;;;;;;;;;1;;;;;;;
66;Nalin Parbhu, Ade Odumosu, https://assets.applytosupply.digitalmarketplace.service.gov.uk/g-cloud-13/documents/92888/512827125084958-service-definition-document-2022-05-18-1232.pdf (2022).;1;;;;;;;;;;;;;;;;;;;;;;;;;;;1;;;;;;;;;;;;;;;;;;;;;;;;;1;;;;;;;
67;Van Veenendaal, E. (2024). Test Maturity Model integration (TMMi): Test Maturity in the Financial Domain. American Journal of Computer Science and Technology, 7(2), 43-50.;1;;;;;;;;;;;;;;;;;;;1;1;;;;;;;1;;;;;;;;;;;;;;;;;;;;;;;;;1;;;;;;;
68;Test maturity Models: A guide to attaining software testing proficiency, https://www.qaoncloud.com/blog/test-maturity-models  last accessed 2023/06/28.;1;;;;;;;;;;;;;;;;;;;1;1;;;;;;;1;;;;;;;;;;;;;;;;;;;;;;;;;;;;;;;;
69;Thomas Hamilton: What is Test Maturity Model (TMM) in Software Engineering?, https://www.guru99.com/what-is-test-maturity-model-tmm.html  last accessed 2024/04/05.;-;;;;;;;;;;;;;;;;;;;1;;;;;;;1;;;;;;;;;1;;;;;;;;;;;;1;;;;1;;;;;;;;
70;Duy Huynh: Student Slides, University of Maryland, https://www.cs.umd.edu/~atif/Teaching/Fall2002/StudentSlides/Duy.pdf.;-;;;;;;;;;;;;;;;;;;;1;;;;;;;1;;;;;;;;;1;;;;;;;;;;;;;;;;;;;;;;;;
71;Anna Khrupa, https://testfort.com/blog/what-is-tmmi-in-software-testing, last accessed 2024/03/08.;1;;;;;;;;;;;;;;;;;;;;1;;;;;;;1;;;;;;;;;;;;;;;;;;;;;;;;;;;;;;;;
72;Canadian TMMi Chapter, TMMi Foundation, https://cstb.ca/canadian-tmmi-chapter (Service article).;1;;;;;;;;;;;;;;;;;;;;1;;;;;;;1;;;;;;;;;;;;;;;;;;;;;;;;;;;;;;;;
